1, 2, 3, 4, 5
O,hello,world1,hello,again!,O,hello,world2,O,hello,world3
X,hello,world1,O,hello,world2,O,hello,world3
X,hello,world1,O,hello,world2,O,hello,world3
X,hello,world1,O,hello,world2,O,hello,world3
X,hello,world1,O,hello,world2,O,hello,world3
X,hello,world1,O,hello,world2,O,hello,world3
X,hello,world1,O,hello,world2,O,hello,world3
X,hello,world1,O,hello,world2,O,hello,world3
X,hello,world1,O,hello,world2,O,hello,world3
X,hello,world1,O,hello,world2,O,hello,world3
X,hello,world1,O,hello,world2,O,hello,world3
X,hello,world1,O,hello,world2,O,hello,world3
O,hello,world1,hello,again!,O,hello,world2,O,hello,world3
X,hello,world1,O,hello,world2,O,hello,world3
X,hello,world1,O,hello,world2,O,hello,world3
X,hello,world1,O,hello,world2,O,hello,world3
X,hello,world1,O,hello,world2,O,hello,world3
X,hello,world1,O,hello,world2,O,hello,world3
X,hello,world1,O,hello,world2,O,hello,world3
X,hello,world1,O,hello,world2,O,hello,world3
X,hello,world1,O,hello,world2,O,hello,world3
X,hello,world1,O,hello,world2,O,hello,world3
X,hello,world1,O,hello,world2,O,hello,world3
X,hello,world1,O,hello,world2,O,hello,world3
O,hello world1
hello again!,O,hello world2,O,hello world3
X,hello world1,O,hello world2,O,hello world3
X,hello world1,O,hello world2,O,hello world3
X,hello world1,O,hello world2,O,hello world3
X,hello world1,O,hello world2,O,hello world3
X,hello world1,O,hello world2,O,hello world3
X,hello world1,O,hello world2,O,hello world3
X,hello world1,O,hello world2,O,hello world3
X,hello world1,O,hello world2,O,hello world3
X,hello world1,O,hello world2,O,hello world3
X,hello world1,O,hello world2,O,hello world3
X,hello world1,O,hello world2,O,hello world3
O,hello world1
hello again!,O,hello world2,O,hello world3
X,hello world1,O,hello world2,O,hello world3
X,hello world1,O,hello world2,O,hello world3
X,hello world1,O,hello world2,O,hello world3
X,hello world1,O,hello world2,O,hello world3
X,hello world1,O,hello world2,O,hello world3
X,hello world1,O,hello world2,O,hello world3
X,hello world1,O,hello world2,O,hello world3
X,hello world1,O,hello world2,O,hello world3
X,hello world1,O,hello world2,O,hello world3
X,hello world1,O,hello world2,O,hello world3
X,hello world1,O,hello world2,O,hello world3
1 2 3 4 5
